INSERT INTO dim_date VALUES (20240101, '2024-01-01', 'Monday', 1, 1, 'January', 'Q1', 2024, FALSE);
INSERT INTO dim_date VALUES (20240102, '2024-01-02', 'Tuesday', 2, 1, 'January', 'Q1', 2024, FALSE);
INSERT INTO dim_date VALUES (20240103, '2024-01-03', 'Wednesday', 3, 1, 'January', 'Q1', 2024, FALSE);
INSERT INTO dim_date VALUES (20240104, '2024-01-04', 'Thursday', 4, 1, 'January', 'Q1', 2024, FALSE);
INSERT INTO dim_date VALUES (20240105, '2024-01-05', 'Friday', 5, 1, 'January', 'Q1', 2024, FALSE);
INSERT INTO dim_date VALUES (20240106, '2024-01-06', 'Saturday', 6, 1, 'January', 'Q1', 2024, TRUE);
INSERT INTO dim_date VALUES (20240107, '2024-01-07', 'Sunday', 7, 1, 'January', 'Q1', 2024, TRUE);
INSERT INTO dim_date VALUES (20240108, '2024-01-08', 'Monday', 8, 1, 'January', 'Q1', 2024, FALSE);
INSERT INTO dim_date VALUES (20240109, '2024-01-09', 'Tuesday', 9, 1, 'January', 'Q1', 2024, FALSE);
INSERT INTO dim_date VALUES (20240110, '2024-01-10', 'Wednesday', 10, 1, 'January', 'Q1', 2024, FALSE);
INSERT INTO dim_date VALUES (20240111, '2024-01-11', 'Thursday', 11, 1, 'January', 'Q1', 2024, FALSE);
INSERT INTO dim_date VALUES (20240112, '2024-01-12', 'Friday', 12, 1, 'January', 'Q1', 2024, FALSE);
INSERT INTO dim_date VALUES (20240113, '2024-01-13', 'Saturday', 13, 1, 'January', 'Q1', 2024, TRUE);
INSERT INTO dim_date VALUES (20240114, '2024-01-14', 'Sunday', 14, 1, 'January', 'Q1', 2024, TRUE);
INSERT INTO dim_date VALUES (20240115, '2024-01-15', 'Monday', 15, 1, 'January', 'Q1', 2024, FALSE);
INSERT INTO dim_date VALUES (20240116, '2024-01-16', 'Tuesday', 16, 1, 'January', 'Q1', 2024, FALSE);
INSERT INTO dim_date VALUES (20240117, '2024-01-17', 'Wednesday', 17, 1, 'January', 'Q1', 2024, FALSE);
INSERT INTO dim_date VALUES (20240118, '2024-01-18', 'Thursday', 18, 1, 'January', 'Q1', 2024, FALSE);
INSERT INTO dim_date VALUES (20240119, '2024-01-19', 'Friday', 19, 1, 'January', 'Q1', 2024, FALSE);
INSERT INTO dim_date VALUES (20240120, '2024-01-20', 'Saturday', 20, 1, 'January', 'Q1', 2024, TRUE);
INSERT INTO dim_date VALUES (20240121, '2024-01-21', 'Sunday', 21, 1, 'January', 'Q1', 2024, TRUE);
INSERT INTO dim_date VALUES (20240122, '2024-01-22', 'Monday', 22, 1, 'January', 'Q1', 2024, FALSE);
INSERT INTO dim_date VALUES (20240123, '2024-01-23', 'Tuesday', 23, 1, 'January', 'Q1', 2024, FALSE);
INSERT INTO dim_date VALUES (20240124, '2024-01-24', 'Wednesday', 24, 1, 'January', 'Q1', 2024, FALSE);
INSERT INTO dim_date VALUES (20240125, '2024-01-25', 'Thursday', 25, 1, 'January', 'Q1', 2024, FALSE);
INSERT INTO dim_date VALUES (20240126, '2024-01-26', 'Friday', 26, 1, 'January', 'Q1', 2024, FALSE);
INSERT INTO dim_date VALUES (20240127, '2024-01-27', 'Saturday', 27, 1, 'January', 'Q1', 2024, TRUE);
INSERT INTO dim_date VALUES (20240128, '2024-01-28', 'Sunday', 28, 1, 'January', 'Q1', 2024, TRUE);
INSERT INTO dim_date VALUES (20240129, '2024-01-29', 'Monday', 29, 1, 'January', 'Q1', 2024, FALSE);
INSERT INTO dim_date VALUES (20240130, '2024-01-30', 'Tuesday', 30, 1, 'January', 'Q1', 2024, FALSE);
INSERT INTO dim_product (product_id, product_name, category, subcategory, unit_price) VALUES ('P001', 'Laptop', 'Electronics', 'Computers', 65000);
INSERT INTO dim_product (product_id, product_name, category, subcategory, unit_price) VALUES ('P002', 'Smartphone', 'Electronics', 'Mobiles', 35000);
INSERT INTO dim_product (product_id, product_name, category, subcategory, unit_price) VALUES ('P003', 'Headphones', 'Electronics', 'Audio', 5000);
INSERT INTO dim_product (product_id, product_name, category, subcategory, unit_price) VALUES ('P004', 'LED TV', 'Electronics', 'Television', 55000);
INSERT INTO dim_product (product_id, product_name, category, subcategory, unit_price) VALUES ('P005', 'Smartwatch', 'Electronics', 'Wearables', 12000);
INSERT INTO dim_product (product_id, product_name, category, subcategory, unit_price) VALUES ('P006', 'Jeans', 'Fashion', 'Clothing', 3000);
INSERT INTO dim_product (product_id, product_name, category, subcategory, unit_price) VALUES ('P007', 'T-Shirt', 'Fashion', 'Clothing', 1500);
INSERT INTO dim_product (product_id, product_name, category, subcategory, unit_price) VALUES ('P008', 'Sneakers', 'Fashion', 'Footwear', 8000);
INSERT INTO dim_product (product_id, product_name, category, subcategory, unit_price) VALUES ('P009', 'Jacket', 'Fashion', 'Outerwear', 6000);
INSERT INTO dim_product (product_id, product_name, category, subcategory, unit_price) VALUES ('P010', 'Dress', 'Fashion', 'Clothing', 4500);
INSERT INTO dim_product (product_id, product_name, category, subcategory, unit_price) VALUES ('P011', 'Rice 10kg', 'Grocery', 'Staples', 900);
INSERT INTO dim_product (product_id, product_name, category, subcategory, unit_price) VALUES ('P012', 'Cooking Oil', 'Grocery', 'Essentials', 1200);
INSERT INTO dim_product (product_id, product_name, category, subcategory, unit_price) VALUES ('P013', 'Snacks Pack', 'Grocery', 'Snacks', 350);
INSERT INTO dim_product (product_id, product_name, category, subcategory, unit_price) VALUES ('P014', 'Coffee', 'Grocery', 'Beverages', 650);
INSERT INTO dim_product (product_id, product_name, category, subcategory, unit_price) VALUES ('P015', 'Milk Pack', 'Grocery', 'Dairy', 100);
INSERT INTO dim_customer (customer_id, customer_name, city, state, customer_segment) VALUES ('C001', 'Amit Sharma', 'Mumbai', 'Maharashtra', 'Retail');
INSERT INTO dim_customer (customer_id, customer_name, city, state, customer_segment) VALUES ('C002', 'Neha Verma', 'Delhi', 'Delhi', 'Retail');
INSERT INTO dim_customer (customer_id, customer_name, city, state, customer_segment) VALUES ('C003', 'Rahul Iyer', 'Bengaluru', 'Karnataka', 'Corporate');
INSERT INTO dim_customer (customer_id, customer_name, city, state, customer_segment) VALUES ('C004', 'Sneha Rao', 'Chennai', 'Tamil Nadu', 'Retail');
INSERT INTO dim_customer (customer_id, customer_name, city, state, customer_segment) VALUES ('C005', 'Vikas Mehta', 'Mumbai', 'Maharashtra', 'Wholesale');
INSERT INTO dim_customer (customer_id, customer_name, city, state, customer_segment) VALUES ('C006', 'Anjali Singh', 'Delhi', 'Delhi', 'Retail');
INSERT INTO dim_customer (customer_id, customer_name, city, state, customer_segment) VALUES ('C007', 'Rohit Kumar', 'Bengaluru', 'Karnataka', 'Corporate');
INSERT INTO dim_customer (customer_id, customer_name, city, state, customer_segment) VALUES ('C008', 'Pooja Nair', 'Chennai', 'Tamil Nadu', 'Retail');
INSERT INTO dim_customer (customer_id, customer_name, city, state, customer_segment) VALUES ('C009', 'Karan Shah', 'Mumbai', 'Maharashtra', 'Corporate');
INSERT INTO dim_customer (customer_id, customer_name, city, state, customer_segment) VALUES ('C010', 'Divya Patel', 'Delhi', 'Delhi', 'Wholesale');
INSERT INTO dim_customer (customer_id, customer_name, city, state, customer_segment) VALUES ('C011', 'Suresh Menon', 'Bengaluru', 'Karnataka', 'Retail');
INSERT INTO dim_customer (customer_id, customer_name, city, state, customer_segment) VALUES ('C012', 'Meena Iyer', 'Chennai', 'Tamil Nadu', 'Retail');
INSERT INTO fact_sales (date_key, product_key, customer_key, quantity_sold, unit_price, discount_amount, total_amount) VALUES (20240126, 13, 5, 4, 350, 200, 1200);
INSERT INTO fact_sales (date_key, product_key, customer_key, quantity_sold, unit_price, discount_amount, total_amount) VALUES (20240103, 9, 12, 5, 6000, 100, 29900);
INSERT INTO fact_sales (date_key, product_key, customer_key, quantity_sold, unit_price, discount_amount, total_amount) VALUES (20240109, 13, 7, 5, 350, 200, 1550);
INSERT INTO fact_sales (date_key, product_key, customer_key, quantity_sold, unit_price, discount_amount, total_amount) VALUES (20240107, 11, 12, 5, 900, 100, 4400);
INSERT INTO fact_sales (date_key, product_key, customer_key, quantity_sold, unit_price, discount_amount, total_amount) VALUES (20240109, 7, 6, 3, 1500, 100, 4400);
INSERT INTO fact_sales (date_key, product_key, customer_key, quantity_sold, unit_price, discount_amount, total_amount) VALUES (20240123, 14, 7, 5, 650, 200, 3050);
INSERT INTO fact_sales (date_key, product_key, customer_key, quantity_sold, unit_price, discount_amount, total_amount) VALUES (20240128, 12, 11, 5, 1200, 50, 5950);
INSERT INTO fact_sales (date_key, product_key, customer_key, quantity_sold, unit_price, discount_amount, total_amount) VALUES (20240119, 13, 10, 5, 350, 0, 1750);
INSERT INTO fact_sales (date_key, product_key, customer_key, quantity_sold, unit_price, discount_amount, total_amount) VALUES (20240107, 4, 5, 3, 55000, 100, 164900);
INSERT INTO fact_sales (date_key, product_key, customer_key, quantity_sold, unit_price, discount_amount, total_amount) VALUES (20240115, 4, 7, 4, 55000, 0, 220000);
INSERT INTO fact_sales (date_key, product_key, customer_key, quantity_sold, unit_price, discount_amount, total_amount) VALUES (20240116, 14, 2, 1, 650, 100, 550);
INSERT INTO fact_sales (date_key, product_key, customer_key, quantity_sold, unit_price, discount_amount, total_amount) VALUES (20240116, 5, 1, 4, 12000, 50, 47950);
INSERT INTO fact_sales (date_key, product_key, customer_key, quantity_sold, unit_price, discount_amount, total_amount) VALUES (20240107, 15, 10, 2, 100, 0, 200);
INSERT INTO fact_sales (date_key, product_key, customer_key, quantity_sold, unit_price, discount_amount, total_amount) VALUES (20240112, 15, 2, 2, 100, 200, 0);
INSERT INTO fact_sales (date_key, product_key, customer_key, quantity_sold, unit_price, discount_amount, total_amount) VALUES (20240110, 1, 8, 2, 65000, 100, 129900);
INSERT INTO fact_sales (date_key, product_key, customer_key, quantity_sold, unit_price, discount_amount, total_amount) VALUES (20240103, 15, 6, 3, 100, 0, 300);
INSERT INTO fact_sales (date_key, product_key, customer_key, quantity_sold, unit_price, discount_amount, total_amount) VALUES (20240117, 9, 1, 5, 6000, 200, 29800);
INSERT INTO fact_sales (date_key, product_key, customer_key, quantity_sold, unit_price, discount_amount, total_amount) VALUES (20240129, 7, 12, 5, 1500, 200, 7300);
INSERT INTO fact_sales (date_key, product_key, customer_key, quantity_sold, unit_price, discount_amount, total_amount) VALUES (20240109, 4, 8, 4, 55000, 100, 219900);
INSERT INTO fact_sales (date_key, product_key, customer_key, quantity_sold, unit_price, discount_amount, total_amount) VALUES (20240126, 15, 3, 2, 100, 50, 150);
INSERT INTO fact_sales (date_key, product_key, customer_key, quantity_sold, unit_price, discount_amount, total_amount) VALUES (20240124, 9, 11, 1, 6000, 200, 5800);
INSERT INTO fact_sales (date_key, product_key, customer_key, quantity_sold, unit_price, discount_amount, total_amount) VALUES (20240119, 5, 10, 3, 12000, 0, 36000);
INSERT INTO fact_sales (date_key, product_key, customer_key, quantity_sold, unit_price, discount_amount, total_amount) VALUES (20240120, 2, 4, 3, 35000, 0, 105000);
INSERT INTO fact_sales (date_key, product_key, customer_key, quantity_sold, unit_price, discount_amount, total_amount) VALUES (20240123, 11, 4, 3, 900, 200, 2500);
INSERT INTO fact_sales (date_key, product_key, customer_key, quantity_sold, unit_price, discount_amount, total_amount) VALUES (20240125, 9, 6, 5, 6000, 0, 30000);
INSERT INTO fact_sales (date_key, product_key, customer_key, quantity_sold, unit_price, discount_amount, total_amount) VALUES (20240126, 12, 1, 3, 1200, 100, 3500);
INSERT INTO fact_sales (date_key, product_key, customer_key, quantity_sold, unit_price, discount_amount, total_amount) VALUES (20240104, 1, 4, 5, 65000, 0, 325000);
INSERT INTO fact_sales (date_key, product_key, customer_key, quantity_sold, unit_price, discount_amount, total_amount) VALUES (20240101, 15, 2, 1, 100, 100, 0);
INSERT INTO fact_sales (date_key, product_key, customer_key, quantity_sold, unit_price, discount_amount, total_amount) VALUES (20240126, 1, 5, 2, 65000, 50, 129950);
INSERT INTO fact_sales (date_key, product_key, customer_key, quantity_sold, unit_price, discount_amount, total_amount) VALUES (20240101, 2, 10, 3, 35000, 100, 104900);
INSERT INTO fact_sales (date_key, product_key, customer_key, quantity_sold, unit_price, discount_amount, total_amount) VALUES (20240116, 10, 8, 3, 4500, 200, 13300);
INSERT INTO fact_sales (date_key, product_key, customer_key, quantity_sold, unit_price, discount_amount, total_amount) VALUES (20240101, 13, 1, 3, 350, 200, 850);
INSERT INTO fact_sales (date_key, product_key, customer_key, quantity_sold, unit_price, discount_amount, total_amount) VALUES (20240129, 1, 4, 4, 65000, 100, 259900);
INSERT INTO fact_sales (date_key, product_key, customer_key, quantity_sold, unit_price, discount_amount, total_amount) VALUES (20240112, 14, 6, 3, 650, 100, 1850);
INSERT INTO fact_sales (date_key, product_key, customer_key, quantity_sold, unit_price, discount_amount, total_amount) VALUES (20240125, 6, 3, 1, 3000, 100, 2900);
INSERT INTO fact_sales (date_key, product_key, customer_key, quantity_sold, unit_price, discount_amount, total_amount) VALUES (20240127, 7, 8, 5, 1500, 0, 7500);
INSERT INTO fact_sales (date_key, product_key, customer_key, quantity_sold, unit_price, discount_amount, total_amount) VALUES (20240121, 14, 12, 4, 650, 100, 2500);
INSERT INTO fact_sales (date_key, product_key, customer_key, quantity_sold, unit_price, discount_amount, total_amount) VALUES (20240106, 4, 11, 5, 55000, 50, 274950);
INSERT INTO fact_sales (date_key, product_key, customer_key, quantity_sold, unit_price, discount_amount, total_amount) VALUES (20240106, 6, 2, 4, 3000, 100, 11900);
INSERT INTO fact_sales (date_key, product_key, customer_key, quantity_sold, unit_price, discount_amount, total_amount) VALUES (20240114, 9, 3, 5, 6000, 200, 29800);